<?xml version="1.0" encoding="UTF-8"?>
<project-private xmlns="http://www.netbeans.org/ns/project-private/1">
    <editor-bookmarks xmlns="http://www.netbeans.org/ns/editor-bookmarks/2" lastBookmarkId="0"/>
    <open-files xmlns="http://www.netbeans.org/ns/projectui-open-files/2">
        <group>
            <file>file:/E:/Usuários/Desktop/Projetos_POO/Projeto/src/projeto/AvaliacaoFisica.java</file>
            <file>file:/E:/Usuários/Desktop/Projetos_POO/Projeto/src/projeto/Dieta.java</file>
            <file>file:/E:/Usuários/Desktop/Projetos_POO/Projeto/src/DAO/alimentoDAO.java</file>
            <file>file:/E:/Usuários/Desktop/Projetos_POO/Projeto/src/DAO/tipoDietaDAO.java</file>
            <file>file:/E:/Usuários/Desktop/Projetos_POO/Projeto/src/projeto/Pessoa.java</file>
            <file>file:/E:/Usuários/Desktop/Projetos_POO/Projeto/src/DAO/pessoaDAO.java</file>
            <file>file:/E:/Usuários/Desktop/Projetos_POO/Projeto/src/projeto/Refeicao.java</file>
            <file>file:/E:/Usuários/Desktop/Projetos_POO/Projeto/src/DAO/refeicaoDAO.java</file>
            <file>file:/E:/Usuários/Desktop/Projetos_POO/Projeto/src/DAO/dietaDAO.java</file>
            <file>file:/E:/Usuários/Desktop/Projetos_POO/Projeto/src/projeto/TipoDieta.java</file>
        </group>
    </open-files>
</project-private>
